cDNA_Change,Protein_Change
NM_000518.4(HBB):c.*353G>A,
NM_000518.4(HBB):c.*316A>C,
NC_000011.10:g.5225284C>T,
NC_000011.10:g.5225302A>G,
NC_000011.10:g.5225365C>G,
NC_000011.10:g.5225416C>T,
NM_000518.4(HBB):c.*160A>G,
NC_000011.10:g.5225460A>C,
NM_000518.5(HBB):c.*132C>A,
NM_000518.5(HBB):c.*131G>A,
NM_000518.5(HBB):c.*129T>C,
NM_000518.5(HBB):c.*129T>A,
NM_000518.5(HBB):c.*117C>T,
NM_000518.5(HBB):c.*115A>C,
NM_000518.5(HBB):c.*113A>G,
NM_000518.5(HBB):c.*112A>T,
NM_000518.5(HBB):c.*112A>G,
NM_000518.5(HBB):c.*111A>G,
NM_000518.5(HBB):c.*110T>C,
NM_000518.5(HBB):c.*110T>A,
NM_000518.5(HBB):c.*108A>G,
NM_000518.5(HBB):c.*104G>A,
NM_000518.5(HBB):c.*102C>T,
NM_000518.5(HBB):c.*97G>A,
NM_000518.5(HBB):c.*97G>C,
NM_000518.5(HBB):c.*93A>T,
NM_000518.5(HBB):c.*91G>A,
NM_000518.5(HBB):c.*83G>T,
NM_000518.5(HBB):c.*78T>A,
NM_000518.5(HBB):c.*78T>C,
NM_000518.5(HBB):c.*73T>C,
NM_000518.5(HBB):c.*67G>T,
NM_000518.5(HBB):c.*65C>G,
NM_000518.5(HBB):c.*62A>G,
NM_000518.5(HBB):c.*59A>G,
NM_000518.5(HBB):c.*57C>G,
NM_000518.5(HBB):c.*56A>T,
NM_000518.5(HBB):c.*53C>A,
NM_000518.5(HBB):c.*51G>A,
NM_000518.5(HBB):c.*48T>C,
NM_000518.5(HBB):c.*47C>G,
NM_000518.5(HBB):c.*47C>T,
NM_000518.5(HBB):c.*37C>G,
NM_000518.5(HBB):c.*33G>T,
NM_000518.5(HBB):c.*32A>C,
NM_000518.5(HBB):c.*25C>G,
NM_000518.5(HBB):c.*18C>A,
NM_000518.5(HBB):c.*16G>A,
NM_000518.5(HBB):c.*15T>C,
NM_000518.5(HBB):c.*6C>G,
NM_000518.5(HBB):c.*5G>A,
NM_000518.5(HBB):c.*5G>C,
NM_000518.5(HBB):c.*4C>T,
NM_000518.5(HBB):c.*3T>C,
NM_000518.5(HBB):c.*1G>A,
NM_000518.4(HBB):c.440A>C (p.His147Pro),H147P
NM_000518.4(HBB):c.440A>T (p.His147Leu),H147L
NM_000518.4(HBB):c.439C>G (p.His147Asp),H147D
NM_000518.5(HBB):c.438T>A (p.Tyr146Ter),Y146*
NM_000518.5(HBB):c.437A>G (p.Tyr146Cys),Y146C
NM_000518.5(HBB):c.436T>A (p.Tyr146Asn),Y146N
NM_000518.5(HBB):c.436T>C (p.Tyr146His),Y146H
NM_000518.5(HBB):c.435G>C (p.Lys145Asn),K145N
NM_000518.5(HBB):c.433A>T (p.Lys145Ter),K145*
NM_000518.5(HBB):c.432C>T (p.His144=),
Hb Little Rock,H144Q
NM_000518.5(HBB):c.431A>C (p.His144Pro),H144P
NM_000518.5(HBB):c.431A>G (p.His144Arg),H144R
NM_000518.4(HBB):c.428C>A (p.Ala143Asp),A143D
NM_000518.5(HBB):c.427G>A (p.Ala143Thr),A143T
NM_000518.5(HBB):c.425T>G (p.Leu142Arg),L142R
NM_000518.4(HBB):c.422C>T (p.Ala141Val),A141V
NM_000518.4(HBB):c.422C>A (p.Ala141Asp),A141D
NM_000518.5(HBB):c.421G>A (p.Ala141Thr),A141T
NM_000518.5(HBB):c.420T>G (p.Asn140Lys),N140K
NM_000518.5(HBB):c.419A>T (p.Asn140Ile),N140I
NM_000518.5(HBB):c.419A>C (p.Asn140Thr),N140T
NM_000518.5(HBB):c.416C>T (p.Ala139Val),A139V
NM_000518.5(HBB):c.412G>A (p.Val138Met),V138M
NM_000518.5(HBB):c.407C>T (p.Ala136Val),A136V
NM_000518.5(HBB):c.404T>A (p.Val135Glu),V135E
NM_000518.5(HBB):c.400G>T (p.Val134Leu),V134L
NM_000518.5(HBB):c.399A>T (p.Lys133Asn),K133N
NM_000518.5(HBB):c.397A>T (p.Lys133Ter),K133*
NM_000518.5(HBB):c.396G>T (p.Gln132His),Q132H
NM_000518.5(HBB):c.394C>T (p.Gln132Ter),Q132*
NM_000518.5(HBB):c.393T>A (p.Tyr131Ter),Y131*
NM_000518.5(HBB):c.388G>A (p.Ala130Thr),A130T
NM_000518.4(HBB):c.386C>T (p.Ala129Val),A129V
NM_000518.5(HBB):c.385G>A (p.Ala129Thr),A129T
NM_000518.5(HBB):c.384G>C (p.Gln128His),Q128H
NM_000518.4(HBB):c.383A>G (p.Gln128Arg),Q128R
NM_000518.5(HBB):c.383A>C (p.Gln128Pro),Q128P
NM_000518.5(HBB):c.382C>T (p.Gln128Ter),Q128*
NM_000518.5(HBB):c.380T>G (p.Val127Gly),V127G
NM_000518.4(HBB):c.374C>T (p.Pro125Leu),P125L
NM_000518.4(HBB):c.374C>A (p.Pro125Gln),P125Q
NM_000518.5(HBB):c.373C>A (p.Pro125Thr),P125T
NM_000518.5(HBB):c.373C>T (p.Pro125Ser),P125S
NM_000518.4(HBB):c.371C>A (p.Thr124Asn),T124N
NM_000518.4(HBB):c.371C>T (p.Thr124Ile),T124I
NM_000518.4(HBB):c.365A>G (p.Glu122Gly),E122G
NM_000518.4(HBB):c.[20A>T;364G>A],"E122K, E7V"
NM_000518.5(HBB):c.364G>T (p.Glu122Ter),E122*
NM_000518.4(HBB):c.364G>A (p.Glu122Lys),E122K
NM_000518.4(HBB):c.364G>C (p.Glu122Gln),E122Q
NM_000518.5(HBB):c.363A>C (p.Lys121Asn),K121N
NM_000518.4(HBB):c.361A>G (p.Lys121Glu),K121E
NM_000518.5(HBB):c.351T>A (p.His117Gln),H117Q
NM_000518.5(HBB):c.350A>G (p.His117Arg),H117R
NM_000518.5(HBB):c.347C>T (p.Ala116Val),A116V
NM_000518.5(HBB):c.347C>A (p.Ala116Asp),A116D
NM_000518.5(HBB):c.346G>C (p.Ala116Pro),A116P
NM_000518.5(HBB):c.344T>C (p.Leu115Pro),L115P
NM_000518.5(HBB):c.343C>T (p.Leu115=),
NM_000518.5(HBB):c.339T>A (p.Cys113Ter),C113*
NM_000518.5(HBB):c.337T>C (p.Cys113Arg),C113R
NM_000518.5(HBB):c.336C>A (p.Val112=),
NM_000518.5(HBB):c.332T>A (p.Leu111Gln),L111Q
NM_000518.4(HBB):c.332T>C (p.Leu111Pro),L111P
NM_000518.5(HBB):c.330G>T (p.Val110=),
NM_000518.5(HBB):c.328G>A (p.Val110Met),V110M
NM_000518.5(HBB):c.328G>C (p.Val110Leu),V110L
NM_000518.5(HBB):c.327C>G (p.Asn109Lys),N109K
NM_000518.5(HBB):c.323G>A (p.Gly108Asp),G108D
NM_000518.5(HBB):c.323G>T (p.Gly108Val),G108V
NM_000518.4(HBB):c.320T>G (p.Leu107Arg),L107R
NM_000518.4(HBB):c.320T>A (p.Leu107Gln),L107Q
NM_000518.5(HBB):c.319C>G (p.Leu107Val),L107V
NM_000518.5(HBB):c.316C>T (p.Leu106Phe),L106F
NM_000518.5(HBB):c.316-1G>A,
NM_000518.5(HBB):c.316-1G>T,
NM_000518.5(HBB):c.316-1G>C,
NM_000518.5(HBB):c.316-2A>G,
NM_000518.5(HBB):c.316-2A>C,
NM_000518.5(HBB):c.316-3C>T,
NM_000518.5(HBB):c.316-3C>G,
NM_000518.5(HBB):c.316-3C>A,
NM_000518.5(HBB):c.316-7C>T,
NM_000518.4(HBB):c.[316-12T>C;316-7C>A],
NM_000518.5(HBB):c.316-14T>G,
NM_000518.5(HBB):c.316-20C>T,
NM_000518.5(HBB):c.316-37G>T,
NM_000518.5(HBB):c.316-44C>G,
NM_000518.5(HBB):c.316-45G>C,
NM_000518.5(HBB):c.316-46G>A,
NM_000518.5(HBB):c.316-60C>T,
NM_000518.5(HBB):c.316-70C>G,
NM_000518.5(HBB):c.316-79G>A,
NM_000518.5(HBB):c.316-82G>A,
NM_000518.5(HBB):c.316-97T>G,
NM_000518.5(HBB):c.316-106C>A,
NM_000518.5(HBB):c.316-106C>G,
NM_000518.5(HBB):c.316-133A>T,
NM_000518.5(HBB):c.316-146T>G,
NM_000518.5(HBB):c.316-185C>T,
NM_000518.5(HBB):c.316-192G>A,
NM_000518.5(HBB):c.316-194T>C,
NM_000518.5(HBB):c.316-197C>T,
NM_000518.5(HBB):c.316-373C>A,
NM_000518.5(HBB):c.315+380T>C,
NM_000518.5(HBB):c.315+220C>T,
NM_000518.5(HBB):c.315+180T>C,
NM_000518.5(HBB):c.315+81C>T,
NM_000518.5(HBB):c.315+74T>G,
NM_000518.5(HBB):c.315+73A>G,
NM_000518.5(HBB):c.315+70G>C,
NM_000518.5(HBB):c.315+26T>G,
NM_000518.5(HBB):c.315+16G>C,
NM_000518.5(HBB):c.315+10T>C,
NM_000518.5(HBB):c.315+5G>A,
NM_000518.5(HBB):c.315+5G>C,
NM_000518.5(HBB):c.315+3G>C,
NM_000518.5(HBB):c.315+2T>C,
NM_000518.5(HBB):c.315+2T>G,
NM_000518.5(HBB):c.315+1G>T,
NM_000518.5(HBB):c.315+1G>C,
NM_000518.5(HBB):c.315+1G>A,
NM_000518.5(HBB):c.315G>A (p.Arg105=),
NM_000518.5(HBB):c.315G>T (p.Arg105Ser),R105S
NM_000518.5(HBB):c.315G>C (p.Arg105Ser),R105S
NM_000518.5(HBB):c.312C>G (p.Phe104Leu),F104L
NM_000518.5(HBB):c.309C>A (p.Asn103Lys),N103K
NM_000518.5(HBB):c.308A>T (p.Asn103Ile),N103I
NM_000518.4(HBB):c.308A>C (p.Asn103Thr),N103T
NM_000518.5(HBB):c.307A>G (p.Asn103Asp),N103D
NM_000518.5(HBB):c.306G>T (p.Glu102Asp),E102D
NM_000518.5(HBB):c.306G>C (p.Glu102Asp),E102D
NM_000518.5(HBB):c.305A>G (p.Glu102Gly),E102G
NM_000518.4(HBB):c.304G>A (p.Glu102Lys),E102K
NM_000518.4(HBB):c.302C>G (p.Pro101Arg),P101R
NM_000518.4(HBB):c.302C>T (p.Pro101Leu),P101L
NM_000518.5(HBB):c.301C>A (p.Pro101Thr),P101T
NM_000518.4(HBB):c.299A>C (p.Asp100Ala),D100A
NM_000518.4(HBB):c.299A>G (p.Asp100Gly),D100G
NM_000518.4(HBB):c.299A>T (p.Asp100Val),D100V
NM_000518.4(HBB):c.298G>T (p.Asp100Tyr),D100Y
NM_000518.4(HBB):c.298G>C (p.Asp100His),D100H
NM_000518.4(HBB):c.298G>A (p.Asp100Asn),D100N
NM_000518.5(HBB):c.295G>A (p.Val99Met),V99M
NM_000518.5(HBB):c.294C>A (p.His98Gln),H98Q
NM_000518.5(HBB):c.294C>G (p.His98Gln),H98Q
NM_000518.5(HBB):c.294C>R (p.His98Gln),H98Q
NM_000518.4(HBB):c.293A>T (p.His98Leu),H98L
NM_000518.5(HBB):c.288G>C (p.Lys96Asn),K96N
NM_000518.4(HBB):c.283G>A (p.Asp95Asn),D95N
NM_000518.4(HBB):c.283G>C (p.Asp95His),D95H
NM_000518.5(HBB):c.282T>G (p.Cys94Trp),C94W
NM_000518.5(HBB):c.279C>G (p.His93Gln),H93Q
NM_000518.5(HBB):c.279C>A (p.His93Gln),H93Q
NM_000518.5(HBB):c.279C>R (p.His93Gln),H93Q
NM_000518.4(HBB):c.277C>A (p.His93Asn),H93N
NM_000518.4(HBB):c.277C>T (p.His93Tyr),H93Y
NM_000518.4(HBB):c.275T>C (p.Leu92Pro),L92P
NM_000518.4(HBB):c.275T>G (p.Leu92Arg),L92R
NM_000518.5(HBB):c.273G>C (p.Glu91Asp),E91D
NM_000518.4(HBB):c.[20A>T;271G>A],"E91K, E7V"
NM_000518.5(HBB):c.271G>T (p.Glu91Ter),E91*
NM_000518.4(HBB):c.271G>A (p.Glu91Lys),E91K
NM_000518.4(HBB):c.269G>A (p.Ser90Asn),S90N
NM_000518.5(HBB):c.268A>C (p.Ser90Arg),S90R
NM_000518.4(HBB):c.266T>C (p.Leu89Pro),L89P
NM_000518.4(HBB):c.266T>G (p.Leu89Arg),L89R
NM_000518.4(HBB):c.263C>T (p.Thr88Ile),T88I
NM_000518.5(HBB):c.262A>C (p.Thr88Pro),T88P
NM_000518.5(HBB):c.260C>T (p.Ala87Val),A87V
NM_000518.5(HBB):c.259G>T (p.Ala87Ser),A87S
NM_000518.5(HBB):c.257T>C (p.Phe86Ser),F86S
NM_000518.5(HBB):c.254C>A (p.Thr85Asn),T85N
NM_000518.5(HBB):c.253A>G (p.Thr85Ala),T85A
NM_000518.5(HBB):c.250G>C (p.Gly84Arg),G84R
NM_000518.5(HBB):c.250G>T (p.Gly84Cys),G84C
NM_000518.5(HBB):c.249G>C (p.Lys83Asn),K83N
NM_000518.4(HBB):c.[20A>T;249G>Y],"K83N, E7V"
NM_000518.5(HBB):c.249G>Y (p.Lys83Asn),K83N
NM_000518.4(HBB):c.248A>C (p.Lys83Thr),K83T
NM_000518.4(HBB):c.248A>T (p.Lys83Met),K83M
NM_000518.4(HBB):c.247A>G (p.Lys83Glu),K83E
NM_000518.5(HBB):c.244C>T (p.Leu82Phe),L82F
NM_000518.5(HBB):c.241A>T (p.Asn81Tyr),N81Y
NM_000518.5(HBB):c.239A>G (p.Asp80Gly),D80G
NM_000518.4(HBB):c.238G>C (p.Asp80His),D80H
NM_000518.4(HBB):c.238G>A (p.Asp80Asn),D80N
NM_000518.5(HBB):c.237G>C (p.Leu79=),
NM_000518.5(HBB):c.235C>G (p.Leu79Val),L79V
NM_000518.4(HBB):c.232C>T (p.His78Tyr),H78Y
NM_000518.5(HBB):c.228G>A (p.Leu76=),
NM_000518.4(HBB):c.224G>T (p.Gly75Val),G75V
NM_000518.5(HBB):c.223G>A (p.Gly75Ser),G75S
NM_000518.5(HBB):c.220G>C (p.Asp74His),D74H
NM_000518.5(HBB):c.216T>A (p.Phe72Leu),F72L
NM_000518.5(HBB):c.213C>A (p.Ala71=),
NM_000518.5(HBB):c.212C>G (p.Ala71Gly),A71G
NM_000518.4(HBB):c.212C>T (p.Ala71Val),A71V
NM_000518.5(HBB):c.211G>C (p.Ala71Pro),A71P
NM_000518.5(HBB):c.209G>C (p.Gly70Ala),G70A
NM_000518.4(HBB):c.208G>C (p.Gly70Arg),G70R
NM_000518.4(HBB):c.206T>C (p.Leu69Pro),L69P
NM_000518.4(HBB):c.206T>A (p.Leu69His),L69H
NM_000518.5(HBB):c.205C>T (p.Leu69Phe),L69F
NM_000518.4(HBB):c.203T>G (p.Val68Gly),V68G
NM_000518.4(HBB):c.203T>A (p.Val68Glu),V68E
NM_000518.5(HBB):c.202G>C (p.Val68Leu),V68L
NM_000518.4(HBB):c.202G>A (p.Val68Met),V68M
NM_000518.5(HBB):c.200A>C (p.Lys67Thr),K67T
NM_000518.5(HBB):c.199A>T (p.Lys67Ter),K67*
NM_000518.5(HBB):c.196A>T (p.Lys66Ter),K66*
NM_000518.4(HBB):c.194G>C (p.Gly65Ala),G65A
NM_000518.5(HBB):c.193G>A (p.Gly65Ser),G65S
NM_000518.5(HBB):c.190C>A (p.His64Asn),H64N
NM_000518.5(HBB):c.190C>T (p.His64Tyr),H64Y
NM_000518.5(HBB):c.189T>C (p.Ala63=),
NM_000518.5(HBB):c.185A>C (p.Lys62Thr),K62T
NM_000518.5(HBB):c.184A>T (p.Lys62Ter),K62*
NM_000518.4(HBB):c.184A>G (p.Lys62Glu),K62E
NM_000518.4(HBB):c.182T>A (p.Val61Glu),V61E
NM_000518.5(HBB):c.181G>T (p.Val61Leu),V61L
NM_000518.5(HBB):c.180G>C (p.Lys60Asn),K60N
NM_000518.5(HBB):c.179A>C (p.Lys60Thr),K60T
NM_000518.5(HBB):c.178A>T (p.Lys60Ter),K60*
NM_000518.5(HBB):c.176C>G (p.Pro59Arg),P59R
NM_000518.5(HBB):c.174C>A (p.Asn58Lys),N58K
NM_000518.5(HBB):c.173A>G (p.Asn58Ser),N58S
NM_000518.5(HBB):c.169G>A (p.Gly57Ser),G57S
NM_000518.5(HBB):c.167T>C (p.Met56Thr),M56T
NM_000518.5(HBB):c.164T>C (p.Val55Ala),V55A
NM_000518.5(HBB):c.162T>C (p.Ala54=),
NM_000518.5(HBB):c.161C>T (p.Ala54Val),A54V
NM_000518.5(HBB):c.160G>A (p.Ala54Thr),A54T
NM_000518.5(HBB):c.158A>T (p.Asp53Val),D53V
NM_000518.4(HBB):c.158A>C (p.Asp53Ala),D53A
NM_000518.4(HBB):c.157G>C (p.Asp53His),D53H
NM_000518.5(HBB):c.154C>A (p.Pro52Thr),P52T
NM_000518.5(HBB):c.151A>T (p.Thr51Ser),T51S
NM_000518.4(HBB):c.149C>G (p.Ser50Cys),S50C
NM_000518.4(HBB):c.149C>T (p.Ser50Phe),S50F
NM_000518.5(HBB):c.144T>A (p.Asp48Glu),D48E
NM_000518.4(HBB):c.142G>T (p.Asp48Tyr),D48Y
NM_000518.5(HBB):c.139G>C (p.Gly47Arg),G47R
NM_000518.4(HBB):c.137T>G (p.Phe46Cys),F46C
NM_000518.5(HBB):c.134C>G (p.Ser45Cys),S45C
NM_000518.5(HBB):c.131A>G (p.Glu44Gly),E44G
NM_000518.5(HBB):c.130G>A (p.Glu44Lys),E44K
NM_000518.5(HBB):c.130G>T (p.Glu44Ter),E44*
NM_000518.4(HBB):c.130G>C (p.Glu44Gln),E44Q
NM_000518.5(HBB):c.128T>C (p.Phe43Ser),F43S
NM_000518.4(HBB):c.127T>G (p.Phe43Val),F43V
NM_000518.5(HBB):c.127T>C (p.Phe43Leu),F43L
NM_000518.4(HBB):c.125T>C (p.Phe42Ser),F42S
NM_000518.5(HBB):c.123G>T (p.Arg41Ser),R41S
NM_000518.5(HBB):c.120G>C (p.Gln40His),Q40H
NM_000518.5(HBB):c.118C>A (p.Gln40Lys),Q40K
NM_000518.5(HBB):c.118C>T (p.Gln40Ter),Q40*
NM_000518.5(HBB):c.117C>A (p.Thr39=),
NM_000518.5(HBB):c.116C>G (p.Thr39Ser),T39S
NM_000518.5(HBB):c.116C>A (p.Thr39Asn),T39N
NM_000518.5(HBB):c.114G>T (p.Trp38Cys),W38C
NM_000518.5(HBB):c.114G>A (p.Trp38Ter),W38*
NM_000518.5(HBB):c.113G>A (p.Trp38Ter),W38*
NM_000518.5(HBB):c.112T>G (p.Trp38Gly),W38G
NM_000518.5(HBB):c.108C>G (p.Tyr36Ter),Y36*
NM_000518.5(HBB):c.108C>A (p.Tyr36Ter),Y36*
NM_000518.5(HBB):c.107A>G (p.Tyr36Cys),Y36C
NM_000518.5(HBB):c.103G>T (p.Val35Phe),V35F
NM_000518.5(HBB):c.100G>A (p.Val34Met),V34M
NM_000518.4(HBB):c.98T>A (p.Leu33Gln),L33Q
NM_000518.4(HBB):c.98T>C (p.Leu33Pro),L33P
NM_000518.5(HBB):c.93G>C (p.Arg31Ser),R31S
NM_000518.5(HBB):c.93G>T (p.Arg31Ser),R31S
NM_000518.5(HBB):c.93-1G>C,
NM_000518.5(HBB):c.93-1G>A,
NM_000518.5(HBB):c.93-2A>C,
NM_000518.5(HBB):c.93-2A>G,
NM_000518.5(HBB):c.93-3T>C,
NM_000518.5(HBB):c.93-3T>G,
NM_000518.5(HBB):c.93-14T>A,
NM_000518.5(HBB):c.93-15T>G,
NM_000518.5(HBB):c.93-21G>A,
NM_000518.5(HBB):c.92+47T>G,
NM_000518.5(HBB):c.92+6T>A,
NM_000518.5(HBB):c.92+6T>C,
NM_000518.5(HBB):c.92+5G>A,
NM_000518.5(HBB):c.92+5G>T,
NM_000518.5(HBB):c.92+5G>C,
NM_000518.5(HBB):c.92+4G>T,
NM_000518.5(HBB):c.92+4G>A,
NM_000518.5(HBB):c.92+2T>G,
NM_000518.5(HBB):c.92+2T>A,
NM_000518.5(HBB):c.92+2T>C,
NM_000518.5(HBB):c.92+1G>C,
NM_000518.5(HBB):c.92+1G>T,
NM_000518.5(HBB):c.92+1G>A,
NM_000518.5(HBB):c.92G>T (p.Arg31Met),R31M
NM_000518.5(HBB):c.92G>A (p.Arg31Lys),R31K
NM_000518.4(HBB):c.92G>C (p.Arg31Thr),R31T
NM_000518.5(HBB):c.91A>G (p.Arg31Gly),R31G
NM_000518.5(HBB):c.91A>C (p.Arg31=),
NM_000518.5(HBB):c.89G>A (p.Gly30Asp),G30D
NM_000518.4(HBB):c.86T>A (p.Leu29Gln),L29Q
NM_000518.4(HBB):c.86T>C (p.Leu29Pro),L29P
NM_000518.5(HBB):c.85C>G (p.Leu29Val),L29V
NM_000518.4(HBB):c.83C>A (p.Ala28Asp),A28D
NM_000518.4(HBB):c.83C>T (p.Ala28Val),A28V
NM_000518.5(HBB):c.82G>A (p.Ala28Thr),A28T
NM_000518.5(HBB):c.82G>T (p.Ala28Ser),A28S
NM_000518.5(HBB):c.81G>C (p.Glu27Asp),E27D
NM_000518.4(HBB):c.80A>G (p.Glu27Gly),E27G
NM_000518.5(HBB):c.[70G>T;79G>A],"E27K, V24F"
NM_000518.5(HBB):c.79G>T (p.Glu27Ter),E27*
NM_000518.5(HBB):c.79G>A (p.Glu27Lys),E27K
NM_000518.5(HBB):c.75T>A (p.Gly25=),
NM_000518.5(HBB):c.73G>A (p.Gly25Ser),G25S
NM_000518.4(HBB):c.71T>A (p.Val24Asp),V24D
NM_000518.5(HBB):c.70G>C (p.Val24Leu),V24L
NM_000518.5(HBB):c.70G>A (p.Val24Ile),V24I
NM_000518.4(HBB):c.70G>T (p.Val24Phe),V24F
NM_000518.4(HBB):c.68A>T (p.Glu23Val),E23V
NM_000518.5(HBB):c.67G>T (p.Glu23Ter),E23*
NM_000518.4(HBB):c.67G>A (p.Glu23Lys),E23K
NM_000518.5(HBB):c.65A>T (p.Asp22Val),D22V
NM_000518.4(HBB):c.64G>A (p.Asp22Asn),D22N
NM_000518.5(HBB):c.61G>A (p.Val21Met),V21M
NM_000518.5(HBB):c.59A>G (p.Asn20Ser),N20S
NM_000518.5(HBB):c.58A>G (p.Asn20Asp),N20D
NM_000518.5(HBB):c.56T>G (p.Val19Gly),V19G
NM_000518.5(HBB):c.52A>T (p.Lys18Ter),K18*
NM_000518.5(HBB):c.51C>T (p.Gly17=),
NM_000518.5(HBB):c.48G>A (p.Trp16Ter),W16*
NM_000518.5(HBB):c.47G>A (p.Trp16Ter),W16*
NM_000518.4(HBB):c.44T>G (p.Leu15Arg),L15R
NM_000518.4(HBB):c.44T>C (p.Leu15Pro),L15P
NM_000518.5(HBB):c.43C>G (p.Leu15Val),L15V
NM_000518.5(HBB):c.41C>T (p.Ala14Val),A14V
NM_000518.5(HBB):c.40G>A (p.Ala14Thr),A14T
NM_000518.4(HBB):c.34G>T (p.Val12Phe),V12F
NM_000518.4(HBB):c.34G>A (p.Val12Ile),V12I
NM_000518.5(HBB):c.30T>G (p.Ser10=),
NM_000518.4(HBB):c.25A>G (p.Lys9Glu),K9E
NM_000518.5(HBB):c.24G>C (p.Glu8Asp),E8D
NM_000518.5(HBB):c.22G>T (p.Glu8Ter),E8*
NM_000518.5(HBB):c.22G>A (p.Glu8Lys),E8K
NM_000518.4(HBB):c.[20A>T;428C>T],"E7V, A143V"
NM_000518.4(HBB):c.[20A>T;70G>A],"E7V, V24I"
NM_000518.5(HBB):c.20A>T (p.Glu7Val),E7V
NM_000518.5(HBB):c.19G>T (p.Glu7Ter),E7*
NM_000518.4(HBB):c.19G>C (p.Glu7Gln),E7Q
NM_000518.4(HBB):c.19G>A (p.Glu7Lys),E7K
NM_000518.5(HBB):c.16C>T (p.Pro6Ser),P6S
NM_000518.5(HBB):c.15T>A (p.Thr5=),
NM_000518.5(HBB):c.14C>A (p.Thr5Asn),T5N
NM_000518.5(HBB):c.11T>A (p.Leu4Gln),L4Q
NM_000518.5(HBB):c.10C>A (p.Leu4Met),L4M
NM_000518.5(HBB):c.9T>C (p.His3=),
NM_000518.5(HBB):c.8A>C (p.His3Pro),H3P
NM_000518.5(HBB):c.4G>T (p.Val2Leu),V2L
NM_000518.5(HBB):c.3G>T (p.Met1Ile),M1I
NM_000518.5(HBB):c.3G>C (p.Met1Ile),M1I
NM_000518.5(HBB):c.3G>A (p.Met1Ile),M1I
NM_000518.5(HBB):c.2T>A (p.Met1Lys),M1K
NM_000518.5(HBB):c.2T>C (p.Met1Thr),M1T
NM_000518.5(HBB):c.2T>G (p.Met1Arg),M1R
NM_000518.5(HBB):c.1A>C (p.Met1Leu),M1L
NM_000518.5(HBB):c.1A>G (p.Met1Val),M1V
NM_000518.5(HBB):c.-1C>T,
NM_000518.5(HBB):c.-4C>T,
NM_000518.5(HBB):c.-6G>C,
NM_000518.5(HBB):c.-8C>G,
NM_000518.5(HBB):c.-10A>G,
NM_000518.5(HBB):c.-12C>T,
NM_000518.5(HBB):c.-15C>A,
NM_000518.5(HBB):c.-18C>G,
NM_000518.5(HBB):c.-19G>C,
NM_000518.5(HBB):c.-21T>C,
NM_000518.5(HBB):c.-23A>G,
NM_000518.5(HBB):c.-25T>C,
NM_000518.5(HBB):c.-29G>A,
NM_000518.5(HBB):c.-35A>G,
NM_000518.5(HBB):c.-39T>C,
NM_000518.5(HBB):c.-50A>C,
NM_000518.4(HBB):c.-64G>A,
NM_000518.4(HBB):c.-69G>A,
NM_000518.4(HBB):c.-71G>A,
NM_000518.4(HBB):c.-73C>T,
NC_000011.10:g.5227096C>A,
NM_000518.4(HBB):c.-75G>A,
NC_000011.10:g.5227097T>G,
NC_000011.10:g.5227098T>A,
NM_000518.5(HBB):c.-78A>G,
NM_000518.5(HBB):c.-78A>C,
NM_000518.5(HBB):c.-79A>C,
NC_000011.10:g.5227100T>C,
NM_000518.5(HBB):c.-80T>C,
NC_000011.10:g.5227101A>C,
NC_000011.10:g.5227101A>T,
NM_000518.5(HBB):c.-81A>G,
NM_000518.4(HBB):c.-82C>A,
NM_000518.5(HBB):c.-83G>A,
NM_000518.4(HBB):c.-83G>T,
NM_000518.4(HBB):c.-91A>C,
NM_000518.5(HBB):c.-92C>T,
NC_000011.10:g.5227114G>T,
NM_000518.5(HBB):c.-100G>A,
NM_000518.4(HBB):c.-102G>T,
NM_000518.5(HBB):c.-104G>A,
NM_000518.4(HBB):c.-106G>A,
NM_000518.5(HBB):c.-106G>C,
NC_000011.10:g.5227134T>C,
NM_000518.5(HBB):c.-121C>T,
NM_000518.4(HBB):c.-122T>C,
NM_000518.4(HBB):c.-122T>G,
NM_000518.4(HBB):c.-124A>T,
NC_000011.10:g.5227147G>T,
NM_000518.5(HBB):c.-130T>C,
NM_000518.4(HBB):c.-134A>G,
NM_000518.4(HBB):c.-136C>A,
NM_000518.4(HBB):c.-136C>T,
NC_000011.10:g.5227157G>C,
NM_000518.5(HBB):c.-137C>T,
NM_000518.5(HBB):c.-137C>A,
NM_000518.5(HBB):c.-137C>G,
NM_000518.4(HBB):c.-138C>G,
NM_000518.5(HBB):c.-138C>A,
NC_000011.10:g.5227159G>A,
NM_000518.4(HBB):c.-140C>A,
NM_000518.5(HBB):c.-140C>T,
NM_000518.5(HBB):c.-142C>T,
NM_000518.4(HBB):c.-146G>T,
NM_000518.5(HBB):c.-150T>A,
NM_000518.5(HBB):c.-151C>G,
NC_000011.10:g.5227172G>A,
NM_000518.4(HBB):c.-152C>A,
NM_000518.5(HBB):c.-155C>T,
NM_000518.5(HBB):c.-175G>A,
NC_000011.10:g.5227197G>A,
NC_000011.10:g.5227269T>C,
NM_000518.4(HBB):c.-265G>A,
NM_000518.5(HBB):c.-273T>C,
NC_000011.10:g.5227411G>A,
NC_000011.10:g.5227540G>A,
NC_000011.10:g.5227562T>G,
